{"type":"footer","name":"Footer Group","sections":{"footer_06_WCnXfH":{"type":"footer-06","blocks":{"text_XHm8U6":{"type":"text","disabled":true,"settings":{"custom_width":"20","heading":"","logo_margin_bottom":28,"subtext":"<p>685 Market Street<br\/>San Francisco, CA 94105,<br\/>United States<\/p><p>Call us: <a href=\"tel:091%20234-ELLA\">(090)-123-ELLA<\/a><\/p><p>Email: <a href=\"mailto:email@domain.com\">email@domain.com<\/a><\/p>","address_icon":"point_icon","show_address_icon":false,"address_text":"","phone_icon":"message_icon","show_phone_icon":false,"phone_text":"","email_icon":"envelope_icon","show_email_icon":false,"email_text":"","icon_size":16,"icon_color":"","content_spacing":1,"mg_bottom":0}},"link_list_aqnK3J":{"type":"link_list","disabled":true,"settings":{"custom_width":"20","heading":"Shop","menu":"","mg_bottom":0}},"link_list_LJzDFP":{"type":"link_list","disabled":true,"settings":{"custom_width":"20","heading":"Top Brands","menu":"","mg_bottom":0}},"link_list_fyXCGN":{"type":"link_list","disabled":true,"settings":{"custom_width":"20","heading":"Further Info","menu":"","mg_bottom":0}},"link_list_3m4TP6":{"type":"link_list","disabled":true,"settings":{"custom_width":"20","heading":"Customer Service","menu":"","mg_bottom":0}},"newsletter_pYDBKt":{"type":"newsletter","settings":{"custom_width":"51","show_newsletter":true,"newsletter_style":"style1","newsletter_margin_bottom":45,"border_top_color":"#3c3c3c","newsletter_padding_bottom":0,"heading":"NEWSLETTER SIGN UP","subtext":"","mg_top_des":0,"mg_bottom_des":0,"spacing_input":10,"newsletter_form_width":420,"input_text":"enter your email address","input_color":"#727272","input_color_bg":"#ffffff","input_color_border":"#ffffff","button_text":"Submit","button_width":150,"enable_deep_button_border":false,"button_color":"#ffffff","button_color_border":"#727272","button_color_bg":"#3c3c3c","button_color_bg_gradient":"","button_color_hover":"#ffffff","button_color_border_hover":"#ffffff","button_color_bg_hover":"#232323","button_color_bg_gradient_hover":"","check_text":"","check_text_color":"#808080","check_text_fontsize":14,"check_input_color":"#ffffff"}},"social_media_pyyrwe":{"type":"social_media","settings":{"social_heading":"","enable_bg_social":false,"social_margin_top":0,"social_icon_width":24,"social_icon_padding":12,"social_icon_border_width":1,"social_icon_margin_right":15,"social_color":"#220971","social_border_color":"rgba(0,0,0,0)","social_background_color":"rgba(0,0,0,0)","social_background_color_gradient":"","social_color_hover":"#220971","social_border_color_hover":"rgba(0,0,0,0)","social_background_color_hover":"rgba(0,0,0,0)","social_background_color_gradient_hover":"","social_box_hover_color":"#220971"}}},"block_order":["text_XHm8U6","link_list_aqnK3J","link_list_LJzDFP","link_list_fyXCGN","link_list_3m4TP6","newsletter_pYDBKt","social_media_pyyrwe"],"settings":{"container":"full","padding_full_width":60,"type_footer_heading":"font_1","type_footer_heading_font_size":16,"type_footer_heading_font_weight":"700","type_footer_heading_text_transform":"uppercase","type_footer_heading_line_height":20,"type_footer_heading_letter_spacing":".02em","type_footer_link":"font_1","type_footer_link_font_size":16,"type_footer_link_font_weight":"400","type_footer_link_text_transform":"capitalize","type_footer_link_line_height":32,"type_footer_link_letter_spacing":".02em","enable_border_footer_top":false,"border_footer_top_color":"#282828","pdtop_footer_top":50,"pdbottom_footer_top":50,"footer_top_bg":"#24f2b4","footer_top_bg_gradient":"","show_footer_top_bg_img":false,"footer_top_bg_position_x":"center","footer_top_bg_position_y":"center","footer_top_bg_repeat":"no-repeat","footer_top_bg_attachment":"fixed","footer_top_bg_size":"contain","footer_top_text_align":"left","footer_top_title_color":"#3c3c3c","footer_top_color_link":"#3c3c3c","footer_top_color_link_hover":"#e8e8e8"}},"footer-1":{"type":"footer-01","blocks":{"text_f3qyMQ":{"type":"text","settings":{"custom_width":"25","heading":"","logo":"shopify:\/\/shop_images\/the_Dua_Brand_Vertical_logo_black.png","logo_margin_bottom":28,"subtext":"<p>Dua Fragrances is an independent niche fragrance house located in the United States.<br\/><br\/><\/p>","address_icon":"point_icon","show_address_icon":false,"address_text":"","phone_icon":"message_icon","show_phone_icon":false,"phone_text":"","email_icon":"envelope_icon","show_email_icon":false,"email_text":"","icon_size":16,"icon_color":"","content_spacing":1,"mg_bottom":0,"enable_custom_position_icon":false,"show_social":false,"social_heading":"","enable_bg_social":false,"social_margin_top":35,"social_icon_width":12,"social_icon_padding":12,"social_icon_border_width":1,"social_icon_margin_right":15,"social_color":"#282828","social_border_color":"#ffffff","social_background_color":"#ffffff","social_background_color_gradient":"","social_color_hover":"#282828","social_border_color_hover":"#ffffff","social_background_color_hover":"#ffffff","social_background_color_gradient_hover":"","social_box_hover_color":"#ffffff"}},"592a8373-a70d-47d3-a311-321a645e1f14":{"type":"link_list","settings":{"custom_width":"18","heading":"Quick Links","menu":"quick-links-1","mg_bottom":0}},"a6e74cd6-bd47-4ada-98b5-15e28b94aef6":{"type":"link_list","settings":{"custom_width":"18","heading":"Information","menu":"quick-links","mg_bottom":0}},"2265e00a-3824-4d57-af37-fa00fa88a555":{"type":"link_list","settings":{"custom_width":"18","heading":"My Account","menu":"my-account","mg_bottom":0}},"text_TTGrwE":{"type":"text","settings":{"custom_width":"19","heading":"","logo":"shopify:\/\/shop_images\/Inc_5000.webp","logo_margin_bottom":28,"subtext":"<p>We officially made it to Inc. 5000. Proud to be part of America's fastest growing private companies in 2025.<\/p>","address_icon":"point_icon","show_address_icon":false,"address_text":"","phone_icon":"message_icon","show_phone_icon":false,"phone_text":"","email_icon":"envelope_icon","show_email_icon":false,"email_text":"","icon_size":16,"icon_color":"","content_spacing":1,"mg_bottom":0,"enable_custom_position_icon":false,"show_social":true,"social_heading":"","enable_bg_social":false,"social_margin_top":35,"social_icon_width":12,"social_icon_padding":12,"social_icon_border_width":1,"social_icon_margin_right":15,"social_color":"#282828","social_border_color":"#ffffff","social_background_color":"#ffffff","social_background_color_gradient":"","social_color_hover":"#282828","social_border_color_hover":"#ffffff","social_background_color_hover":"#ffffff","social_background_color_gradient_hover":"","social_box_hover_color":"#ffffff"}},"d935a709-71e0-48ff-8d74-5a367ae6d12d":{"type":"newsletter_with_social","disabled":true,"settings":{"custom_width":"30","show_newsletter":true,"newsletter_margin_bottom":45,"newsletter_padding_bottom":0,"heading":"Newsletter Sign Up","subtext":"<p>Receive our latest updates about our products & promotions.<\/p>","mg_top_des":0,"mg_bottom_des":10,"spacing_input":10,"newsletter_form_width":420,"input_text":"enter your email address","input_color":"#cfcfcf","input_color_bg":"#232323","input_color_border":"#d3d3d3","button_text":"Submit","button_width":150,"button_color":"#232323","button_color_border":"#ffffff","button_color_bg":"#ffffff","button_color_bg_gradient":"","button_color_hover":"#ffffff","button_color_border_hover":"#000000","button_color_bg_hover":"#000000","button_color_bg_gradient_hover":"","check_text":"","check_text_color":"#808080","check_text_fontsize":14,"check_input_color":"#ffffff","show_social":true,"swap_social_position":false,"social_heading":"Follow Us","enable_bg_social":false,"social_margin_top":35,"social_icon_width":12,"social_icon_padding":12,"social_icon_border_width":1,"social_icon_margin_right":15,"social_color":"#282828","social_border_color":"#000000","social_background_color":"rgba(0,0,0,0)","social_background_color_gradient":"","social_color_hover":"#282828","social_border_color_hover":"#ffffff","social_background_color_hover":"#ffffff","social_background_color_gradient_hover":"","social_box_hover_color":"#ffffff","show_app_store":false,"app_store_heading":"","app_store_link_1":"","app_store_link_2":""}},"41adb6e5-e71d-422b-a1e1-d2034c83869c":{"type":"footer_bottom","settings":{"pdtop_footer_bottom":20,"pdbottom_footer_bottom":40,"border_top":true,"footer_bottom_color":"#000000","border_top_color":"#282828","footer_bottom_bg":"#fdfdfd","footer_bottom_bg_gradient":"","show_copyright":true,"show_shop_name":true,"enable_layout_grid":true,"copyright_content":"<p>Copyright © 2025 TheDuaBrand. All Rights Reserved<\/p>","copyright_content_color":"#000000","shop_name":"<a href=\"\/\/www.dmca.com\/Protection\/Status.aspx?ID=8e82d9c8-4729-4a85-9a0e-1091fbde70aa\" title=\"DMCA.com Protection Status\" class=\"dmca-badge\"> <img src=\"https:\/\/images.dmca.com\/Badges\/_dmca_premi_badge_4.png?ID=8e82d9c8-4729-4a85-9a0e-1091fbde70aa\" alt=\"DMCA.com Protection Status\"><\/a>  <script src=\"https:\/\/images.dmca.com\/Badges\/DMCABadgeHelper.min.js\"> <\/script>","show_payment":true,"payment_margin_top":0,"payment_type":"custom","show_payment_visa":true,"show_payment_master":true,"show_payment_maestro":false,"show_payment_american_express":true,"show_payment_apple_pay":false,"show_payment_bitcoin":false,"show_payment_dankort":false,"show_payment_diners_club":true,"show_payment_discover":true,"show_payment_paypal":true,"show_payment_dogecoin":false,"show_payment_dwolla":false,"show_payment_forbrugsforeningen":false,"show_payment_jcb":false,"show_payment_litecoin":false,"show_payment_afterpay":true,"show_payment_google_pay":true,"show_payment_ideal":false,"show_payment_klarna":false,"show_payment_klarna-pay-later":false,"show_payment_shopify_pay":true,"show_payment_sofort":false}}},"block_order":["text_f3qyMQ","592a8373-a70d-47d3-a311-321a645e1f14","a6e74cd6-bd47-4ada-98b5-15e28b94aef6","2265e00a-3824-4d57-af37-fa00fa88a555","text_TTGrwE","d935a709-71e0-48ff-8d74-5a367ae6d12d","41adb6e5-e71d-422b-a1e1-d2034c83869c"],"custom_css":[".trustpilot-widget {left: -20px !important; position: absolute; padding-top: 20px;}","@media (max-width: 500px) {.trustpilot-widget {left: -143px !important; }}","@media (max-width: 700px) {.trustpilot-widget {left: -35px !important; }}"],"settings":{"container":"full","padding_full_width":60,"type_footer_heading":"font_1","type_footer_heading_font_size":15,"type_footer_heading_font_weight":"600","type_footer_heading_text_transform":"uppercase","type_footer_heading_line_height":22,"type_footer_heading_letter_spacing":".05em","type_footer_link":"font_1","type_footer_link_font_size":12,"type_footer_link_font_weight":"400","type_footer_link_text_transform":"capitalize","type_footer_link_line_height":28,"type_footer_link_letter_spacing":".02em","enable_border_footer_top":false,"border_footer_top_color":"#282828","pdtop_footer_top":35,"pdbottom_footer_top":40,"footer_top_bg":"#f7f7f7","footer_top_bg_gradient":"","show_footer_top_bg_img":false,"footer_top_bg_position_x":"center","footer_top_bg_position_y":"center","footer_top_bg_repeat":"no-repeat","footer_top_bg_attachment":"fixed","footer_top_bg_size":"cover","footer_top_text_align":"left","footer_top_title_color":"#232323","footer_top_color_link":"#2d2d2d","footer_top_color_link_hover":"#ffffff","show_border_item":false,"footer_border_item":"#808080"}}},"order":["footer_06_WCnXfH","footer-1"]}