{"type":"header","name":"Header Group","sections":{"announcement-bar":{"type":"announcement-bar","blocks":{"4c3280f2-862f-48fc-a5d6-925fe7b54a05":{"type":"announcement","settings":{"text":"🍂🧣 LIVE: <b>Autumn Sale<\/b> | Enjoy <b>33% off<\/b> with code: <b>DUA33<\/b> – OR get <b>33% off<\/b> on <b>$33 DUA Designer Line<\/b> scents with a <b>$150 cart value<\/b>, with code: <b>DDL33<\/b>","btn_color":"#f84248","btn_border_color":"#ffffff","btn_bg_color":"#ffffff","btn_bg_color_gradient":""}},"announcement_9LUAFb":{"type":"announcement","settings":{"text":"🤎 Feel the Fall Magic with <b>13 NEW Scents!<\/b> 🚚 Please expect a 3-5 business day processing time due to high volumes. Shipping WORLDWIDE!","btn_color":"#f84248","btn_border_color":"#ffffff","btn_bg_color":"#ffffff","btn_bg_color_gradient":""}},"announcement_NVHwmh":{"type":"announcement","disabled":true,"settings":{"text":"Please expect a 3-5 business day processing time due to high volumes. Shipping WORLDWIDE!","btn_color":"#f84248","btn_border_color":"#ffffff","btn_bg_color":"#ffffff","btn_bg_color_gradient":""}},"countdown_tHqpzN":{"type":"countdown","disabled":true,"settings":{"top_message_text":"Limited Time Offer!","annou_countdown":"Nov 02, 2024 06:00:00","color_countdown_text":"#06142e","border_color_countdown":"#f7f8fa","bg_color_countdown":"#f7f8fa"}}},"block_order":["4c3280f2-862f-48fc-a5d6-925fe7b54a05","announcement_9LUAFb","announcement_NVHwmh","countdown_tHqpzN"],"settings":{"enable_announcement":true,"layout":"slider","enable_close":false,"color_text":"#000000","bg_color_text":"#ffc46e","bg_color_text_gradient":"","font_size_text":15,"font_style_text":"normal","font_weight_text":"400","arrow_active":false,"content_max_width":38,"padding_top":7,"padding_bottom":7}},"ad1ee42c-6988-4f92-aad4-5651f1a42345":{"type":"header-single-line","blocks":{"sections--14682829619277__ad1ee42c-6988-4f92-aad4-5651f1a42345-1680776665f1870f9e-0":{"type":"logo","settings":{"logo":"shopify:\/\/shop_images\/TDB_2024_logo.png","logo_width":250,"logo_text":"","logo_font_size":30,"logo_font_weight":"900","logo_text_transform":"uppercase","logo_color":"#ffffff"}},"sections--14682829619277__ad1ee42c-6988-4f92-aad4-5651f1a42345-1680776665f1870f9e-1":{"type":"search","settings":{"show_box_shadow":true,"search_color":"#808080","search_icon_color":"#2d2d2d","bg_search_color":"#fafafa","search_border_radius":50}},"sections--14682829619277__ad1ee42c-6988-4f92-aad4-5651f1a42345-1680776665f1870f9e-2":{"type":"text","settings":{"customer_service_text":"<p><a href=\"\/collections\/vaulted-collection\" title=\"Vaulted Collection\"><strong>Vaulted Fragrances<\/strong><\/a><\/p>","text_size":14,"color":"#000000","background_color":"#e8e8e8","padding_size":10,"border_curve":20}},"sections--14682829619277__ad1ee42c-6988-4f92-aad4-5651f1a42345-1680776665f1870f9e-3":{"type":"wishlist","settings":{"color":"#000000","show_wishlist_number":false,"wishlist_text_size":14,"wishlist_color_item":"#ffffff","wishlist_bg_item":"#232323"}},"423982a2-9d1d-4dd7-95eb-f4b156a864e6":{"type":"gift_cards","disabled":true,"settings":{"text_giftcards":"Gift Cards","link_giftcards":"","color":"#ffffff"}},"sections--14682829619277__ad1ee42c-6988-4f92-aad4-5651f1a42345-1680776665f1870f9e-4":{"type":"customer","settings":{"color":"#000000"}},"sections--14682829619277__ad1ee42c-6988-4f92-aad4-5651f1a42345-1680776665f1870f9e-5":{"type":"cart","settings":{"color":"#000000","cart_bg_item":"#ffffff","cart_color_item":"#e95144","cart_item_font_size":14}}},"block_order":["sections--14682829619277__ad1ee42c-6988-4f92-aad4-5651f1a42345-1680776665f1870f9e-0","sections--14682829619277__ad1ee42c-6988-4f92-aad4-5651f1a42345-1680776665f1870f9e-1","sections--14682829619277__ad1ee42c-6988-4f92-aad4-5651f1a42345-1680776665f1870f9e-2","sections--14682829619277__ad1ee42c-6988-4f92-aad4-5651f1a42345-1680776665f1870f9e-3","423982a2-9d1d-4dd7-95eb-f4b156a864e6","sections--14682829619277__ad1ee42c-6988-4f92-aad4-5651f1a42345-1680776665f1870f9e-4","sections--14682829619277__ad1ee42c-6988-4f92-aad4-5651f1a42345-1680776665f1870f9e-5"],"settings":{"container":"1570","padding_full_width":0,"header_bg":"#ffffff","header_bg_gradient":"","header_text_transform":"capitalize","padding_top":18,"padding_bottom":18}},"header_navigation_plain_CX3QmE":{"type":"header-navigation-plain","blocks":{"logo_XVjXRf":{"type":"logo","disabled":true,"settings":{"logo_position":"sticky_menu","logo":"shopify:\/\/shop_images\/TDB_2024_logo_white.png","logo_transparent":"shopify:\/\/shop_images\/TDB_2024_logo_white.png","logo_width":250,"logo_width_fixed":100,"logo_text":"","logo_font_size":20,"logo_font_weight":"900","logo_text_transform":"uppercase","logo_color":"#ffffff"}},"main_menu_969TAb":{"type":"main_menu","settings":{"menu":"new-main-menu-update-labor-day","menu_top_spacing":11,"menu_bottom_spacing":12,"grid_gap_menu_item":10,"alignment":"center","bg_mega_menu":"#ffffff","bg_mega_menu_gradient":"","lv_1_color":"#ffffff","lv_1_color_hover":"#ffffff","lv_2_color":"#232323","lv_2_color_hover":"#232323","lv_3_color":"#3c3c3c","lv_3_color_hover":"#3c3c3c","sale_item_1":"","sale_item_2":"","sale_item_3":"","sale_item_color":"#d12442","label_position":"main_menu","show_label_blink":false,"new_label_1":"Gift Sets","new_label_2":"","new_label_3":"","new_label_color":"#ffffff","new_label_bg":"#31daff","new_label_bg_gradient":"","sale_label_1":"","sale_label_2":"","sale_label_3":"","sale_label_color":"#ffffff","sale_label_bg":"#d12442","sale_label_bg_gradient":"","hot_label_1":"","hot_label_2":"","hot_label_3":"","hot_label_color":"#ffffff","hot_label_bg":"#fff993","hot_label_bg_gradient":""}},"header_icons_Mjpfze":{"type":"header_icons","settings":{"show_language_currency":false,"show_search":false,"show_customer":false,"show_wishlist":false,"show_wishlist_number":false,"show_cart":false,"text_font_size":14,"show_language_currency_sticky":false,"show_search_sticky":true,"show_customer_sticky":false,"show_wishlist_sticky":false,"show_cart_sticky":true,"cart_icon":"1","header_icons_color":"#ffffff","header_icons_color_hover":"#ffffff","header_icons_border_color":"rgba(0,0,0,0)","header_icons_border_sticky_color":"#232323","cart_count_bubble_color":"#323232","cart_count_bubble_bg":"#ffe5e8","cart_count_bubble_bg_gradient":"","wishlist_color_item":"#ffffff","wishlist_bg_item":"#232323"}},"megamenu_style_3_G6zBXV":{"type":"megamenu_style_3","settings":{"layout_block":"custom_width","header_custom_width_size":1200,"mega_tyle":"style1","item":"Collections","column":6,"show_banner_1":true,"banner_1":"shopify:\/\/shop_images\/Dua_Original-02.png","banner_url_1":"shopify:\/\/collections\/original-blend","show_banner_2":true,"banner_2":"shopify:\/\/shop_images\/Dua_Original-07.png","banner_url_2":"shopify:\/\/collections\/inspired-expression-12","show_banner_3":true,"banner_3":"shopify:\/\/shop_images\/Dua_Original-04_6c8dcf31-5fd4-4c32-9cf7-f7a01ae50330.png","banner_url_3":"shopify:\/\/collections\/inspired-hybrid","show_banner_4":true,"banner_4":"shopify:\/\/shop_images\/Dua_Original-06_c5c9e8a6-8f8d-438e-8758-47b1da01e015.png","banner_url_4":"shopify:\/\/collections\/designer-line","show_banner_5":false,"banner_url_5":""}},"megamenu_style_3_3w6nni":{"type":"megamenu_style_3","settings":{"layout_block":"custom_width","header_custom_width_size":1200,"mega_tyle":"style1","item":"Classifications","column":6,"show_banner_1":false,"banner_url_1":"","show_banner_2":false,"banner_url_2":"","show_banner_3":false,"banner_url_3":"","show_banner_4":false,"banner_url_4":"","show_banner_5":false,"banner_url_5":""}},"megamenu_style_1_wRC6pY":{"type":"megamenu_style_1","settings":{"layout_block":"custom_width","header_custom_width_size":1200,"item":"","column":6,"show_banner_1":false,"banner_url_1":"","show_product":false,"product_title":"Featured Products","product_collection":""}}},"block_order":["logo_XVjXRf","main_menu_969TAb","header_icons_Mjpfze","megamenu_style_3_G6zBXV","megamenu_style_3_3w6nni","megamenu_style_1_wRC6pY"],"settings":{"container":"1170","padding_full_width":0,"header_navigation_bg":"#000000","header_navigation_bg_gradient":"","sticky_header_type":"on_scroll","sticky_header_width":"full","enable_transparent":false,"transparent_color":"#ffffff","transparent_color_hover":"#ffffff","border_color":"rgba(0,0,0,0)"}},"header-mobile":{"type":"header-mobile","blocks":{"menu_aMi887":{"type":"menu","settings":{"color":"#000000","menu_tab_bg":"#2d2d2d"}},"163e2cb5-14f2-4af6-9ac3-77193c082f53":{"type":"search","settings":{"color":"#232323"}},"550fbd21-75fb-4051-9dee-77d91b5239f0":{"type":"logo","settings":{"logo_mobile":"shopify:\/\/shop_images\/TDB_2024_logo.png","logo_width_mobile":105,"logo_text":"","logo_font_size":20,"logo_font_weight":"900","logo_text_transform":"uppercase","logo_color":"#232323"}},"20dae707-64c0-4ea3-a05e-561cae9836d8":{"type":"customer","settings":{"icon":"1","color":"#232323"}},"633f9dae-3f65-4bda-9ca8-9d3e231aaf9d":{"type":"cart","settings":{"icon":"2","color":"#232323","color_bubble":"#ffffff","bg_bubble":"#232323"}}},"block_order":["menu_aMi887","163e2cb5-14f2-4af6-9ac3-77193c082f53","550fbd21-75fb-4051-9dee-77d91b5239f0","20dae707-64c0-4ea3-a05e-561cae9836d8","633f9dae-3f65-4bda-9ca8-9d3e231aaf9d"],"settings":{"background":"#ffffff","gradient":"","sticky_header_type":"on_scroll","enable_transparent":false,"transparent_color":"#ffffff","transparent_border_color":"","padding_top":0,"padding_bottom":0}}},"order":["announcement-bar","ad1ee42c-6988-4f92-aad4-5651f1a42345","header_navigation_plain_CX3QmE","header-mobile"]}