{"sections":{"main":{"type":"main-faqs-page","blocks":{"15d9d2f4-1bdd-49c8-9a99-58246020f05c":{"type":"paragraph","settings":{"title":"PRODUCT","question_1":"Where can I find the prices of your products?","answer_1":"<p>You can check out our prices on our website: <a href=\"https:\/\/theduabrand.com\/\">www.TheDuaBrand.com<\/a><\/p>","question_2":"Where can I send my fragrance requests?","answer_2":"<p>You can email us your fragrance requests for Original Blends, Inspirations and Hybrids to: \n\n<a href=\"mailto:Creators@theduabrand.com\">Creators@theduabrand.com<\/a><\/p>","question_3":"Do you offer any discounts?","answer_3":"<p>\nWe have sales almost every weekend. Please stay tuned to our social media, website and group for all the latest updates on sales. \n<br>\nFacebook Group:\n<a href=\"https:\/\/www.facebook.com\/groups\/1644700509189605\">https:\/\/www.facebook.com\/groups\/1644700509189605 <\/a><br>\nInstagram Page: <a href=\"https:\/\/instagram.com\/theduabrand\">https:\/\/instagram.com\/theduabrand<\/a>\n<br>\nFacebook Page: <a href=\"https:\/\/www.facebook.com\/theduabrand\">https:\/\/www.facebook.com\/theduabrand<\/a>\n<\/p>","question_4":"Are these fragrances safe to use?","answer_4":"<p>All our raw materials are procured through certified vendors and processed under the supervision of IFRA certified chemists before being imported into the US. Therefore, it's our promise that you will get the best products delivered when you make a purchase from The Dua Brand! <\/p>","question_5":"What are the ingredients used in the fragrance oil?","answer_5":"<p>The main ingredients used in our fragrances are:\nAlcohol Denat, Aqua (Water), Parfum (Fragrances), Citral, Citronellol, Coumarin, Eugenol, Farnesol, Geraniol, Limonene, Hydroxycitronellal, Isoeugenol, Linalool, 4-Hydroxyisohexyl-3-Cyclohexene Carboxaldehyde, Alpha-Isomethyl, Ionone.<\/p>","question_6":"","answer_6":"","question_7":"","answer_7":"","question_8":"","answer_8":"","question_9":"","answer_9":"","question_10":"","answer_10":""}},"f4d12560-a07c-4bd4-a934-2a8eddeaccc9":{"type":"paragraph","settings":{"title":"RESTOCK","question_1":"Do you restock sold-out fragrances?","answer_1":"<p>Yes, we do restock sold-out fragrances.<\/p>","question_2":"When and where is the restock list shared?","answer_2":"<p>Our restock list is shared almost every weekend. You can check it out on our Facebook group:  \n<a href=\"https:\/\/www.facebook.com\/groups\/1644700509189605\">https:\/\/www.facebook.com\/groups\/1644700509189605<\/a><\/p>","question_3":"","answer_3":"","question_4":"","answer_4":"","question_5":"","answer_5":"","question_6":"","answer_6":"","question_7":"","answer_7":"","question_8":"","answer_8":"","question_9":"","answer_9":"","question_10":"","answer_10":""}},"paragraph_eTxyQV":{"type":"paragraph","settings":{"title":"ORDER","question_1":"How do I place my order?","answer_1":"<p>To place your orders, please visit our website: <a href=\"https:\/\/theduabrand.com\/\">www.TheDuaBrand.com <\/a><\/p>","question_2":"How do I resolve my order related queries?","answer_2":"<p>For all order-related queries, please email us at: \n<a href=\"mailto:support@theduabrand.com\">support@theduabrand.com<\/a><\/p>","question_3":"How long will it take to process my order?","answer_3":"<p>Please expect 3-5 business days' processing time due to the high volume of orders.<\/p>","question_4":"How long will it take to receive my order?","answer_4":"<p>We share order tracking details via email, as the turnaround time depends on your shipping destination.<\/p>","question_5":"Can I modify my order once it's placed?","answer_5":"<p>If you need to make a special request about your order, such as using a particular shipping carrier, cancelling your order, or making a change to the products in your order, to make sure your request is processed, please email support@theduabrand.com within 8 hours of placing your order to ensure we can pass your request on to our fulfillment center. After 8 hours, we cannot guarantee any special request can be honored. We no longer accept requests to combine international orders.<\/p>","question_6":"","answer_6":"","question_7":"","answer_7":"","question_8":"","answer_8":"","question_9":"","answer_9":"","question_10":"","answer_10":""}},"paragraph_c64iid":{"type":"paragraph","settings":{"title":"PAYMENT & DELIVERY","question_1":"What are the shipping charges?","answer_1":"<p>Shipping charges vary according to each country. You can add your shipping country at checkout, on our website, to calculate the charges. <\/p>","question_2":"Why do you not provide shipping to some countries?","answer_2":"<p>We are not able to ship to a few countries yet, due to custom issues. However, for all the latest shipping updates, please join our<br> Facebook group: \n\n<a href=\"https:\/\/www.facebook.com\/groups\/1644700509189605\">https:\/\/www.facebook.com\/groups\/1644700509189605<\/a><\/p>","question_3":"","answer_3":"","question_4":"","answer_4":"","question_5":"","answer_5":"","question_6":"","answer_6":"","question_7":"","answer_7":"","question_8":"","answer_8":"","question_9":"","answer_9":"","question_10":"","answer_10":""}},"paragraph_UBbcmp":{"type":"paragraph","settings":{"title":"RETURN & EXCHANGE","question_1":"What is your return & exchange policy?","answer_1":"<p>We do not accept any returns or refunds as per the company policies. However, we do accept returns or exchanges for products damaged in transit or if the incorrect order is shipped. <\/p>","question_2":"Where can I resell\/swap my product if I don’t like it?","answer_2":"<p>We have a Facebook group where we encourage reselling or swapping of our fragrances. Here’s the link to our group: <a href=\"https:\/\/www.facebook.com\/groups\/resellswapduafragrances\">https:\/\/www.facebook.com\/groups\/resellswapduafragrances<\/a><\/p>","question_3":"","answer_3":"","question_4":"","answer_4":"","question_5":"","answer_5":"","question_6":"","answer_6":"","question_7":"","answer_7":"","question_8":"","answer_8":"","question_9":"","answer_9":"","question_10":"","answer_10":""}},"paragraph_CfxKrn":{"type":"paragraph","settings":{"title":"CONTACT","question_1":"How can I contact you?","answer_1":"<p>You can contact us through: \n<a href=\"mailto:support@theduabrand.com\">support@theduabrand.com<\/a><br>The DUA Brand Office: 909-771-1580 <\/p>","question_2":"What is your support operating hours?","answer_2":"<p>Our support operating hours are from Monday to Friday, 9:00 AM to 5:00 PM, Pacific time.<\/p>","question_3":"","answer_3":"","question_4":"","answer_4":"","question_5":"","answer_5":"","question_6":"","answer_6":"","question_7":"","answer_7":"","question_8":"","answer_8":"","question_9":"","answer_9":"","question_10":"","answer_10":""}}},"block_order":["15d9d2f4-1bdd-49c8-9a99-58246020f05c","f4d12560-a07c-4bd4-a934-2a8eddeaccc9","paragraph_eTxyQV","paragraph_c64iid","paragraph_UBbcmp","paragraph_CfxKrn"],"settings":{"show_breadcrumb":true,"breadcrumb_alignment":"left","breadcrumb_bg":"rgba(0,0,0,0)","breadcrumb_gradient":"","breadcrumb_bg_mb":"#e8e8e8","breadcrumb_gradient_mb":"","show_page_title":true,"page_title_alignment":"center","container":"1170","mg_top_desktop":0,"mg_top_tablet":0,"mg_top_mobile":0,"mg_bottom_desktop":0,"mg_bottom_tablet":0,"mg_bottom_mobile":0,"show_faqs_filter":false,"faqs_text":"","faqs_message_heading":"","faqs_message_text":"","message_method_link_1":"https:\/\/facebook.com","message_method_text_1":"Message Us","message_method_link_2":"https:\/\/gmail.com","message_method_text_2":"","contact_content_text":"","contact_text":"","contact_link":"shopify:\/\/pages\/contact-us-2","contact_color":"#ffffff","contact_color_border":"#ef6454","contact_color_bg":"#ef6454","contact_color_bg_gradient":"","contact_color_hover":"#ffffff","contact_color_border_hover":"#e93d29","contact_color_bg_hover":"#e93d29","contact_color_bg_gradient_hover":""}}},"order":["main"]}