{"sections":{"main":{"type":"main-product","blocks":{"2e8c7c14-a0ad-4930-a1d8-3def05310426":{"type":"breadcrumb","settings":{"breadcrumb_layout":"full","breadcrumb_alignment":"left","breadcrumb_bg":"rgba(0,0,0,0)","breadcrumb_gradient":"","breadcrumb_bg_mb":"#f6f6f6","breadcrumb_gradient_mb":"","breadcrumb_mg_top_desktop":10,"breadcrumb_mg_top_mobile":0,"breadcrumb_mg_bottom_desktop":20,"breadcrumb_mg_bottom_mobile":0}},"b0ea69b7-8a54-4a3c-9abd-0fcceeabaaa0":{"type":"title","settings":{"fontsize_text":20,"fontsize_text_mb":18,"color_title":"#232323","spacing_top":0,"spacing_bottom":10}},"loox_reviews_loox_rating_hUDHWq":{"type":"shopify:\/\/apps\/loox-reviews\/blocks\/loox-rating\/5c3b337f-fd14-4df5-b1d6-80ec13e6e28e","settings":{"contentSize":14,"pattern":"","hideText":false,"alignment":"","layout":"","textColor":"","starColor":"","showAllReviews":false,"looxOpenFloatingWidget":false,"emptyRatingWidget":false}},"4e59f24a-8859-4579-a80a-d70e6f1bf66b":{"type":"info","settings":{"show_vendor":false,"show_sku":false,"show_barcode":false,"show_availability":true,"show_product_type":false,"stock_level_display":"show","enable_border_top":false,"enable_border_bottom":false,"color_border":"#e6e6e6","spacing_top":10,"spacing_bottom":18}},"19de9abb-17c8-4d67-941d-b32706ed06fd":{"type":"pickup_availability","disabled":true,"settings":{"show_pickup_availability":true,"spacing_top":0,"spacing_bottom":27}},"bd066b80-c8e3-4f3e-8280-b27fbf6e9423":{"type":"description","disabled":true,"settings":{"open_tab_mobile":true,"title":"Description","enable_btn_show_more":false,"maximum_des_to_show":300}},"0e4ea696-4820-4c98-aaa6-806d41782a3d":{"type":"meta","disabled":true,"settings":{"spacing_top":0,"spacing_bottom":14,"show_sold_in":true,"sold_in_number":"3,5,6,7,8,10,12,15","sold_in_hours":"10,15,16,17,18,20,25,35","color_text_sold_in":"#e95144"}},"4036f89b-c2c5-49a4-9d6b-2fd29ce7c46c":{"type":"short_description","settings":{"word_number":"17","fontsize_text":16,"color_text":"#3c3c3c","spacing_top":0,"spacing_bottom":12}},"4f95b592-8369-4ab0-b30d-24e463fb6890":{"type":"price","settings":{"fontsize_text":18,"spacing_top":0,"spacing_bottom":17}},"5d8b9ff9-6a1c-4850-a6c2-e6cdbb8b7f7c":{"type":"hot_stock","disabled":true,"settings":{"hot_stock_style":"2","spacing_top":0,"spacing_bottom":8}},"bd3a641e-98d0-4da1-ab57-d5e4b0391995":{"type":"countdown","settings":{"spacing_top":0,"spacing_bottom":20}},"d98e243b-3682-495a-965a-1c7f7d460880":{"type":"variant_picker","settings":{"picker_type":"dropdown","show_variant_image_group":false,"enable_border_top":false,"enable_border_bottom":false,"color_border":"#e6e6e6","spacing_top":0,"spacing_bottom":0}},"d97e417a-941b-4a5d-bef3-a651adb918d8":{"type":"variant_description","settings":{"spacing_top":0,"spacing_bottom":12}},"faa2b3e6-c0a1-4269-baa6-d2605efe4c05":{"type":"quantity_selector","settings":{"qty_style":"1","qty_layout":"2","spacing_top":0,"spacing_bottom":15}},"04ea8843-f461-4f1d-8ea4-43f62fdfb21e":{"type":"perks","disabled":true,"settings":{"spacing_top":0,"spacing_bottom":22,"show_size_chart":false,"size_chart_type":"custom_image","size_chart_page":"","size_chart_image_type":"jpg","show_compare_color":true,"show_compare_color_drop_drap":true,"compare_layout":"1"}},"f1b31d90-1e43-4948-9fe3-97ba43f6fb34":{"type":"buy_buttons","settings":{"show_dynamic_checkout":true,"show_gift_card_recipient":true,"spacing_top":0,"spacing_bottom":15,"atc_animation":"tilt-shaking","atc_color":"#ffffff","atc_border_color":"#232323","atc_bg_color":"#00a65a","atc_bg_color_gradient":"","atc_color_hover":"#232323","atc_border_color_hover":"#232323","atc_bg_color_hover":"#ffffff","atc_bg_color_gradient_hover":"","bin_color":"#232323","bin_border_color":"#acacac","bin_bg_color":"#ffffff","bin_bg_color_gradient":"","bin_color_hover":"#ffffff","bin_border_color_hover":"#232323","bin_bg_color_hover":"#232323","bin_bg_color_hover_gradient":""}},"683f2b15-db3b-4f63-8d0f-e688cc678581":{"type":"customer_viewing","settings":{"customer_viewing_number":"283, 100, 59, 11, 14, 185, 193, 165, 50, 38, 99, 112, 46, 10, 125, 200, 250, 18","customer_viewing_time":5,"spacing_top":0,"spacing_bottom":22}},"a86220cf-8641-4e06-87d3-b5ffa195501b":{"type":"custom_information","settings":{"icon":"<svg aria-hidden=\"true\" focusable=\"false\" data-prefix=\"fal\" data-icon=\"shipping-fast\" role=\"img\" xmlns=\"http:\/\/www.w3.org\/2000\/svg\" viewbox=\"0 0 640 512\"><path fill=\"currentColor\" d=\"M280 192c4.4 0 8-3.6 8-8v-16c0-4.4-3.6-8-8-8H40c-4.4 0-8 3.6-8 8v16c0 4.4 3.6 8 8 8h240zm352 192h-24V275.9c0-16.8-6.8-33.3-18.8-45.2l-83.9-83.9c-11.8-12-28.3-18.8-45.2-18.8H416V78.6c0-25.7-22.2-46.6-49.4-46.6H113.4C86.2 32 64 52.9 64 78.6V96H8c-4.4 0-8 3.6-8 8v16c0 4.4 3.6 8 8 8h240c4.4 0 8-3.6 8-8v-16c0-4.4-3.6-8-8-8H96V78.6c0-8.1 7.8-14.6 17.4-14.6h253.2c9.6 0 17.4 6.5 17.4 14.6V384H207.6C193 364.7 170 352 144 352c-18.1 0-34.6 6.2-48 16.4V288H64v144c0 44.2 35.8 80 80 80s80-35.8 80-80c0-5.5-.6-10.8-1.6-16h195.2c-1.1 5.2-1.6 10.5-1.6 16 0 44.2 35.8 80 80 80s80-35.8 80-80c0-5.5-.6-10.8-1.6-16H632c4.4 0 8-3.6 8-8v-16c0-4.4-3.6-8-8-8zm-488 96c-26.5 0-48-21.5-48-48s21.5-48 48-48 48 21.5 48 48-21.5 48-48 48zm272-320h44.1c8.4 0 16.7 3.4 22.6 9.4l83.9 83.9c.8.8 1.1 1.9 1.8 2.8H416V160zm80 320c-26.5 0-48-21.5-48-48s21.5-48 48-48 48 21.5 48 48-21.5 48-48 48zm80-96h-16.4C545 364.7 522 352 496 352s-49 12.7-63.6 32H416v-96h160v96zM256 248v-16c0-4.4-3.6-8-8-8H8c-4.4 0-8 3.6-8 8v16c0 4.4 3.6 8 8 8h240c4.4 0 8-3.6 8-8z\"><\/path><\/svg>","text":"Free Shipping On $50+ Within the U.S.","color_title":"#232323","text_description":"","color_des":"#4d4d4d","content_popup":"","fontsize_text":12,"spacing_top":0,"spacing_bottom":12}},"058d88b7-6cce-4aae-a5c4-b8193bbdfa7f":{"type":"custom_information","settings":{"icon":"<svg aria-hidden=\"true\" focusable=\"false\" data-prefix=\"fal\" data-icon=\"shield-alt\" role=\"img\" xmlns=\"http:\/\/www.w3.org\/2000\/svg\" viewbox=\"0 0 512 512\">\n    <path fill=\"currentColor\" d=\"M466.5 83.7l-192-80a48.15 48.15 0 0 0-36.9 0l-192 80C27.7 91.1 16 108.6 16 128c0 198.5 114.5 335.7 221.5 380.3 11.8 4.9 25.1 4.9 36.9 0C360.1 472.6 496 349.3 496 128c0-19.4-11.7-36.9-29.5-44.3zM262.2 478.8c-4 1.6-8.4 1.6-12.3 0C152 440 48 304 48 128c0-6.5 3.9-12.3 9.8-14.8l192-80c3.9-1.6 8.4-1.6 12.3 0l192 80c6 2.5 9.9 8.3 9.8 14.8.1 176-103.9 312-201.7 350.8zM256 411V100l-142.7 59.5c10.1 120.1 77.1 215 142.7 251.5zm-32-66.8c-36.4-39.9-65.8-97.8-76.1-164.5L224 148z\"><\/path>\n<\/svg>","text":"<b>25,000+ Happy Customers: <\/b>4.9 Star Reviews from our DUA Fam","color_title":"#232323","text_description":"","color_des":"#4d4d4d","content_popup":"","fontsize_text":12,"spacing_top":0,"spacing_bottom":14}},"36addb13-cd73-4713-a15c-7d846c4724e7":{"type":"custom_information","settings":{"icon":"<svg aria-hidden=\"true\" focusable=\"false\" data-prefix=\"fal\" data-icon=\"exclamation-triangle\" role=\"img\" xmlns=\"http:\/\/www.w3.org\/2000\/svg\" viewbox=\"0 0 576 512\"><path fill=\"currentColor\" d=\"M270.2 160h35.5c3.4 0 6.1 2.8 6 6.2l-7.5 196c-.1 3.2-2.8 5.8-6 5.8h-20.5c-3.2 0-5.9-2.5-6-5.8l-7.5-196c-.1-3.4 2.6-6.2 6-6.2zM288 388c-15.5 0-28 12.5-28 28s12.5 28 28 28 28-12.5 28-28-12.5-28-28-28zm281.5 52L329.6 24c-18.4-32-64.7-32-83.2 0L6.5 440c-18.4 31.9 4.6 72 41.6 72H528c36.8 0 60-40 41.5-72zM528 480H48c-12.3 0-20-13.3-13.9-24l240-416c6.1-10.6 21.6-10.7 27.7 0l240 416c6.2 10.6-1.5 24-13.8 24z\"><\/path><\/svg>","text":"<b>Handcrafted in Los Angeles:<\/b> Premium Quality Guaranteed","color_title":"#232323","text_description":"","color_des":"#999999","content_popup":"","fontsize_text":12,"spacing_top":0,"spacing_bottom":0}},"tags_riKLdm":{"type":"tags","disabled":true,"settings":{"spacing_top":0,"spacing_bottom":0}},"10093fcf-2053-47e9-bedb-841bb0d046fa":{"type":"trust_image","disabled":true,"settings":{"show_trust_image":true,"spacing_top":0,"spacing_bottom":0}},"87197f5f-be0e-4b89-9270-62bf6917ebe7":{"type":"custom","disabled":true,"settings":{"open_tab_mobile":true,"title":"Frequently Asked Question","type":"metafield","content":"<p>Nam tempus turpis at metus scelerisque placerat nulla deumantos solicitud felis. Pellentesque diam dolor, elementum etos lobortis des mollis ut risus. Sedcus faucibus an sullamcorper mattis drostique des commodo pharetras loremos.Donec pretium egestas sapien et mollis. Pellentesque diam dolor cosmopolis etos lobortis.<\/p>\n<dl>\n<dt>Comodous:<\/dt>\n<dd>Comodous in tempor ullamcorper miaculis<\/dd>\n<\/dl>\n<dl>\n<dt>Mattis laoreet:<\/dt>\n<dd>Pellentesque vitae neque mollis urna mattis laoreet.<\/dd>\n<\/dl>\n<dl>\n<dt>Divamus de ametos:<\/dt>\n<dd>Divamus sit amet purus justo.<\/dd>\n<\/dl>\n<dl>\n<dt>Molestie:<\/dt>\n<dd>Proin molestie egestas orci ac suscipit risus posuere loremous<\/dd>\n<\/dl>","enable_btn_show_more":false,"maximum_des_to_show":300,"product_custom_source":"dynamic","product_tab_key_metafield":""}},"3d9ea84d-5527-4bce-abe6-5debef3ec955":{"type":"custom","disabled":true,"settings":{"open_tab_mobile":false,"title":"Shipping & Return","type":"all","content":"<h3>Returns Policy<\/h3>\n<p>You may return most new, unopened items within 30 days of delivery for a full refund. We'll also pay the return shipping costs if the return is a result of our error (you received an incorrect or defective item, etc.).<\/p>\n<p>You should expect to receive your refund within four weeks of giving your package to the return shipper, however, in many cases you will receive a refund more quickly. This time period includes the transit time for us to receive your return from the shipper (5 to 10 business days), the time it takes us to process your return once we receive it (3 to 5 business days), and the time it takes your bank to process our refund request (5 to 10 business days).<\/p>\n<p>If you need to return an item, simply login to your account, view the order using the \"Complete Orders\" link under the My Account menu and click the Return Item(s) button. We'll notify you via e-mail of your refund once we've received and processed the returned item.<\/p>\n<h3>Shipping<\/h3>\n<p>We can ship to virtually any address in the world. Note that there are restrictions on some products, and some products cannot be shipped to international destinations.<\/p>\n<p>When you place an order, we will estimate shipping and delivery dates for you based on the availability of your items and the shipping options you choose. Depending on the shipping provider you choose, shipping date estimates may appear on the shipping quotes page.<\/p>\n<p>Please also note that the shipping rates for many items we sell are weight-based. The weight of any such item can be found on its detail page. To reflect the policies of the shipping companies we use, all weights will be rounded up to the next full pound.<\/p>","enable_btn_show_more":false,"maximum_des_to_show":300,"product_custom_source":"dynamic","product_tab_key_metafield":""}},"b9d6eb19-10f4-41f8-bfdc-ea10e8b3182a":{"type":"custom","disabled":true,"settings":{"open_tab_mobile":false,"title":"Custom Tab","type":"all","content":"<table>\n    <tbody>\n        <tr>\n            <td class=\"tb-title\">Drostique<\/td>\n            <td>Nam tempus turpis at metus scelerisque placerat nulla deumantos<\/td>\n        <\/tr>\n        <tr>\n            <td class=\"tb-title\">Pharetro Lorem<\/td>\n            <td>Pellentesque diam dolor elementum etos lobortis des mollis<\/td>\n        <\/tr>\n        <tr>\n            <td class=\"tb-title\">Milancelos<\/td>\n            <td>Donec pretium egestas sapien et mollis<\/td>\n        <\/tr>\n        <tr>\n            <td class=\"tb-title\">Pellentesque<\/td>\n            <td>Sedcus faucibus an sullamcorper mattis drostique des commodo pharetras<\/td>\n        <\/tr>\n        <tr>\n            <td class=\"tb-title\">Proin Molestie<\/td>\n            <td>Pellentesque diam dolor elementum etos lobortis des mollis<\/td>\n        <\/tr>\n        <tr>\n            <td class=\"tb-title\">Cosmopolis<\/td>\n            <td>Donec pretium egestas sapien et mollis<\/td>\n        <\/tr>\n    <\/tbody>\n<\/table>","enable_btn_show_more":false,"maximum_des_to_show":300,"product_custom_source":"dynamic","product_tab_key_metafield":""}},"19ab1d9f-74b2-4c76-bf2e-1bc749e5c2a3":{"type":"share","settings":{"show_share":true,"share_layout":"2","spacing_top":0,"spacing_bottom":0}},"1180d91b-75f9-49d9-a9db-2b9f5a49408d":{"type":"complementary_products","disabled":true,"settings":{"show_complementary_product":true,"complementary_product_title":"Pairs well with","complementary_product_arrows":true,"complementary_product_dots":true,"complementary_product_layout":"2","complementary_product_limit_1":2,"complementary_product_limit_2":3,"complementary_product_object":"cover","spacing_top":30,"spacing_bottom":0}}},"block_order":["2e8c7c14-a0ad-4930-a1d8-3def05310426","b0ea69b7-8a54-4a3c-9abd-0fcceeabaaa0","loox_reviews_loox_rating_hUDHWq","4e59f24a-8859-4579-a80a-d70e6f1bf66b","19de9abb-17c8-4d67-941d-b32706ed06fd","bd066b80-c8e3-4f3e-8280-b27fbf6e9423","0e4ea696-4820-4c98-aaa6-806d41782a3d","4036f89b-c2c5-49a4-9d6b-2fd29ce7c46c","4f95b592-8369-4ab0-b30d-24e463fb6890","5d8b9ff9-6a1c-4850-a6c2-e6cdbb8b7f7c","bd3a641e-98d0-4da1-ab57-d5e4b0391995","d98e243b-3682-495a-965a-1c7f7d460880","d97e417a-941b-4a5d-bef3-a651adb918d8","faa2b3e6-c0a1-4269-baa6-d2605efe4c05","04ea8843-f461-4f1d-8ea4-43f62fdfb21e","f1b31d90-1e43-4948-9fe3-97ba43f6fb34","683f2b15-db3b-4f63-8d0f-e688cc678581","a86220cf-8641-4e06-87d3-b5ffa195501b","058d88b7-6cce-4aae-a5c4-b8193bbdfa7f","36addb13-cd73-4713-a15c-7d846c4724e7","tags_riKLdm","10093fcf-2053-47e9-bedb-841bb0d046fa","87197f5f-be0e-4b89-9270-62bf6917ebe7","3d9ea84d-5527-4bce-abe6-5debef3ec955","b9d6eb19-10f4-41f8-bfdc-ea10e8b3182a","19ab1d9f-74b2-4c76-bf2e-1bc749e5c2a3","1180d91b-75f9-49d9-a9db-2b9f5a49408d"],"settings":{"container":"container","padding_full_width":0,"show_sticky_info":false,"mg_top_desktop":0,"mg_top_tablet":0,"mg_top_mobile":0,"mg_bottom_desktop":0,"mg_bottom_tablet":0,"mg_bottom_mobile":0,"main_image_arrows_desktop":false,"main_image_arrows_mobile":true,"main_image_counter_mobile":true,"main_image_enable_parallax_mb":false,"main_image_show_zoom_icon_mb":true,"main_image_position":"left","main_image_layout":"1","main_image_show_custom_cursor":true,"count_color":"#191919","icon_color":"#000000","show_thumbnail_mobile":true,"thumnail_layout":"1","thumbnail_to_show":4,"show_sidebar":false,"sidebar_collapse":"collapse","enable_sticky":true,"sidebar_layout":"layout_1","sidebar_collapse_default":"expand","sidebar_position":"left","sidebar_heading_font":"font_1","sidebar_heading_font_size":14,"sidebar_heading_font_weight":"700","sidebar_heading_text_transform":"uppercase","product_image_ratio":"adapt","portrait_aspect_ratio":148,"zoomed_image":true,"media_fit":"contain","product_image_popup":"fancybox","video_layout":"popup","show_badge":true,"show_qty":true,"show_subtotal":true,"subtotal_style":"1","show_sticky_add_to_cart":true,"enable_sticky_add_to_cart_always_mobile":false,"show_sticky_vendor":false,"sticky_atc_layout":"1","show_tab":true,"tab_layout":"vertical","tab_layout_mobile":"vertical","icon_style_layout":"style_1","title_font_size":18,"title_font_size_mb":16,"font_weight_title":"600","title_text_transform":"none","title_padding_top_bottom":15,"tab_border_color":"#000000","tab_border_color_rgb":"","show_product_bundle":true,"background_color":"#f8f8f8","padding_top":30,"padding_top_tablet":30,"padding_top_mobile":30,"padding_bottom":70,"padding_bottom_tablet":40,"padding_bottom_mobile":30,"block_title":"Frequently Bought Together","block_title_align":"center","block_dots":false,"block_arrows":true,"product_style":"2","block_image_ratio":"adapt","bundle_discount":true,"bundle_discount_text":"Get a [discount]% discount buying these products together","bundle_discount_text_color":"#232323","total_btn_color":"#ffffff","total_btn_border":"#232323","total_btn_bg":"#232323","total_btn_bg_gradient":"","total_btn_color_hover":"#232323","total_btn_border_hover":"#232323","total_btn_bg_hover":"#ffffff","total_btn_bg_gradient_hover":""}},"brand_slider_2_VmVbBN":{"type":"brand-slider-2","blocks":{"image_UFmdbT":{"type":"image","settings":{"image":"shopify:\/\/shop_images\/Variety-Logo.png","description":"The DUA Brand is more than willing to work with customers on their dream fragrances, no matter what they happen to be.","fontsize_des_block":20,"fontsize_des_block_mb":16,"des_line_height":1.6,"color_des":"#000000"}},"image_WFrpcV":{"type":"image","settings":{"image":"shopify:\/\/shop_images\/2_1.png","description":"The Dua Brand is customer-driven in terms of creation and giving its customers the ultimate olfactory experience. ","fontsize_des_block":20,"fontsize_des_block_mb":16,"des_line_height":1.6,"color_des":"#000000"}},"image_ymgpNV":{"type":"image","settings":{"image":"shopify:\/\/shop_images\/flaunt.png","description":"The perfume extracts from Dua Fragrances are perfect for everyone who wants to make a statement with their sense of smell, from the most discerning perfume expert to the person who simply wants to go into a room and know they have the best odor of anyone there.","fontsize_des_block":20,"fontsize_des_block_mb":16,"des_line_height":1.6,"color_des":"#000000"}}},"block_order":["image_UFmdbT","image_WFrpcV","image_ymgpNV"],"settings":{"container":"1470","padding_full_width":0,"minus_spacing_top":0,"brand_bg":"#fffcf5","brand_bg_gradient":"","brand_title":"","color_title":"#232323","fontsize_title":16,"fontsize_title_mb":16,"mg_bottom_title":12,"enable_border_title":false,"border_color_title":"#051c42","brand_des":"","color_des":"#3c3c3c","fontsize_des":16,"mg_bottom_des":0,"view_all":"","view_all_fs":12,"font_weight_view_all":"400","mg_bottom_view":0,"enable_border_view_all":true,"link_view_all":"","color_view_all":"#3c3c3c","item_align":"center","item_distance":10,"enable_autoplay":true,"brand_rows":"4","arrow_color":"#0b0b0b","dots_color":"#ffffff","mg_top_desktop":20,"mg_top_tablet":20,"mg_top_mobile":20,"mg_bottom_desktop":20,"mg_bottom_tablet":20,"mg_bottom_mobile":20}},"marquee_fqQ9hp":{"type":"marquee","blocks":{"marquee_haQ3tn":{"type":"marquee","settings":{"text":"<p>👨‍🔬 <strong>Crafted with Expertise<\/strong><\/p>","color":"#000000","color_mb":"#000000","enable_border_bottom":false}},"marquee_mRDeGK":{"type":"marquee","settings":{"text":"<p>🚫 <strong>Free of Harmful Chemicals<\/strong><\/p>","color":"#000000","color_mb":"#000000","enable_border_bottom":false}},"marquee_jLLmRQ":{"type":"marquee","settings":{"text":"<p>⏳ <strong>Long-lasting Formula<\/strong><\/p>","color":"#000000","color_mb":"#000000","enable_border_bottom":false}},"marquee_6wFqrY":{"type":"marquee","settings":{"text":"<p>🐰 <strong>Vegan &amp; Cruelty-Free<\/strong><\/p>","color":"#000000","color_mb":"#000000","enable_border_bottom":false}},"marquee_WeBVTe":{"type":"marquee","settings":{"text":"<p><img src=\"https:\/\/cdn.shopify.com\/s\/files\/1\/1094\/9932\/files\/united-states-of-america.png?v=1728033438\" width=\"25px\" height=\"13px\" style=\"display: inline\"><strong>  Handcrafted in the USA<\/strong><\/p>","color":"#000000","color_mb":"#000000","enable_border_bottom":false}}},"block_order":["marquee_haQ3tn","marquee_mRDeGK","marquee_jLLmRQ","marquee_6wFqrY","marquee_WeBVTe"],"settings":{"mq_background":"","mq_gradient":"linear-gradient(270deg, rgba(240, 110, 105, 1), rgba(249, 208, 163, 1) 100%)","type_tab_font":"font_1","text_size":24,"text_font_weight":"400","gap_blocks":40,"border":"none","border_color":"#000000","icon":"none","icon_color":"#000000","text_size_mb":30,"border_color_mb":"#000000","icon_color_mb":"#000000","padding_top":20,"padding_bottom":20,"minus_spacing_top":0}},"rich_text_qj9EKQ":{"type":"rich-text","blocks":{"heading_eHrJkU":{"type":"heading","settings":{"heading":"Customer Reviews","heading_size":30,"heading_size_mb":30,"heading_line_height":1,"heading_color":"#000000"}},"button_dkAtPk":{"type":"button","disabled":true,"settings":{"button_style":"button_1","button_label":"Button label","margin_top_button":30,"button_link":"","button_color":"#ffffff","enable_underline_button":false,"button_border_color":"#000000","button_bg_color":"#000000","button_bg_gradient":"","button_color_hover":"#000000","button_border_color_hover":"#000000","button_bg_color_hover":"#ffffff","button_bg_gradient_hover":"","button_width":"270px"}},"social_media_MVaJUy":{"type":"social_media","disabled":true,"settings":{"social_spacing_top":0,"social_spacing_bottom":0,"social_icon_color":"","social_icon_background_color":"","social_icon_background_gradient":"","social_icon_hover_color":"","social_icon_background_hover_color":"","social_icon_background_hover_gradient":"","social_icon_ring_color":""}}},"block_order":["heading_eHrJkU","button_dkAtPk","social_media_MVaJUy"],"settings":{"container":"container","padding_full_width":0,"enable_border_top":false,"enable_border_bottom":false,"color_border_bottom":"#e8e8e8","enable_minus_mg_top":false,"minus_spacing_top":-100,"rich_text_bg":"#ffffff","rich_text_bg_gradient":"","enable_column":false,"content_align":"center","mg_top_desktop":50,"mg_top_tablet":50,"mg_top_mobile":50,"mg_bottom_desktop":20,"mg_bottom_tablet":50,"mg_bottom_mobile":50}},"1728746006772c2781":{"type":"apps","blocks":{"loox_reviews_loox_dynamic_section_knAUpT":{"type":"shopify:\/\/apps\/loox-reviews\/blocks\/loox-dynamic-section\/5c3b337f-fd14-4df5-b1d6-80ec13e6e28e","settings":{"only_photos":false,"aggregated":false,"limit":20,"hide_thumbnails":false,"maxwidth":1080,"is_sample":true}}},"block_order":["loox_reviews_loox_dynamic_section_knAUpT"],"settings":{"include_margins":false}},"product-recommendations":{"type":"product-recommendations","disabled":true,"settings":{"display_product_block":true,"product_block_container":"container","padding_full_width":0,"enable_border_top":true,"enable_border_bottom":false,"color_border_bottom":"#e8e8e8","border_style":"container","mg_top_desktop":40,"mg_top_tablet":35,"mg_top_mobile":35,"mg_bottom_desktop":0,"mg_bottom_tablet":0,"mg_bottom_mobile":0,"product_block_layout":"slider","product_bg":"#ffffff","style_block_header":"style1","product_block_title":"Related Products","enable_border_title":false,"mg_top_title":27,"mg_bottom_title":3,"fontsize_title":18,"fontsize_title_mb":18,"color_title":"#232323","border_color_title":"#232323","product_block_title_align":"center","product_block_limit":6,"grid_gap":30,"product_block_per_row":"4","product_block_swipe_on_mobile":true,"product_block_dots":false,"product_block_dots_mb":true,"product_block_arrows":true,"product_block_arrows_mb":false,"product_block_show":"4","product_block_per_view":"4","show_half":true,"scroll_height":4,"scroll_track_bg":"#f1f1f1","scroll_thumb_color":"#000000","scroll_thumb_hover_color":"#444444","enable_hover_drag_icon":true,"enable_layout_special":false,"bg_card":"#ffffff","padding_card":15,"border_radius_card":5,"border_layout_card":"full","border_width_card":5,"border_color_card":"#f0f1f4"}},"image_banner_Jc4BDG":{"type":"image-banner","blocks":{"large_img_aFC4im":{"type":"largeImg","settings":{"image":"shopify:\/\/shop_images\/1880-x-720-014.png","enable_max_width_image":false,"custom_width_image":1000,"enable_scroll_down":false,"enable_custom_image":false,"image_behavior":"none","sub_title":"","border_sub_title":false,"font_size_sub_title":14,"font_size_sub_title_mb":14,"margin_bottom_sub_title":14,"sub_heading_font":"font_1","font_weight_sub_title":"700","sub_title_position":"sub_title_above","color_sub_title":"#232323","color_sub_title_mb":"#ffffff","heading":"","letter_spacing_heading":"","enable_style_italic":false,"font_size_heading":40,"font_size_heading_mb":24,"margin_bottom_heading":20,"font_weight_heading":"600","color_heading":"#232323","color_heading_mb":"#ffffff","border_title":"border_s1","border_color_title":"#232323","border_color_title_mobile":"#ffffff","text":"","font_size_des":12,"font_size_des_mb":12,"line_height_des":26,"margin_bottom_des":35,"color_des":"#232323","color_des_mb":"#ffffff","countdown":"","hide_countdown_fc":"countdown","countdown_style":"round","countdown_position":"countdown_below_desc","font_size_countdown_number":30,"font_size_countdown_text":14,"color_countdown":"#232323","color_countdown_mb":"#ffffff","countdown_margin_bottom":35,"content_width":475,"bg_color_content":"","align":"center","align_items":"center","position":"left","custom_horizontal":"","custom_vertical":"","btn_text":"","link":"","btn_icon":"","button_1_width":235,"enable_button_custom_border":false,"button_color":"#ffffff","button_border":"#232323","button_background":"#232323","button_background_gradient":"","button_color_hover":"#ffffff","button_border_hover":"#232323","button_background_hover":"#232323","button_background_gradient_hover":"","btn_text_2":"","link_2":"","btn_icon_2":"","button_color_2":"#ffffff","button_border_2":"#232323","button_background_2":"#232323","button_background_2_gradient":"","button_color_hover_2":"#ffffff","button_border_hover_2":"#232323","button_background_hover_2":"#232323","button_background_gradient_hover_2":"","video_link":"","adaptive_height_video":"56","icon_style":"style_1","color_icon":"#ffffff","bg_color_icon":"#000000","enable_custom_video_icon_position":false,"video_icon_horizontal_position":"","video_icon_vertical_position":"","video_icon_horizontal_position_mb":"","video_icon_vertical_position_mb":""}}},"block_order":["large_img_aFC4im"],"custom_css":[".item--largeImg {display: flex !important; justify-content: center !important;}",".banner-item {width: 1000px;}"],"settings":{"id_section":"","container":"fullwidth","padding_full_width":0,"image_banner_title":"","enable_border_title":false,"color_title":"#202020","fontsize_title":24,"fontsize_title_mb":20,"margin_bottom_title":25,"image_banner_des":"","color_des":"#202020","fontsize_des":16,"title_align":"center","style_bg":"none","bg_color":"","bg_color_gradient":"","display_type":"slide","list_gap":0,"enable_arrows":false,"arrows_position":"","enable_dots":false,"enable_autoplay":false,"mg_top_desktop":20,"mg_top_tablet":20,"mg_top_mobile":20,"mg_bottom_desktop":20,"mg_bottom_tablet":20,"mg_bottom_mobile":20}},"instagram_q9WGKJ":{"type":"instagram","disabled":true,"settings":{"container":"container","padding_full_width":0,"disable_padding_content":false,"type_instagram":"default","block_layout":"grid","scroll_from":"rtl","scroll_time":"30","enable_border_instagram":false,"instagram_border_color":"#e6e6e6","instagram_bg":"#fafafa","instagram_bg_gradient":"","style_block_header":"style1","instagram_title":"#Ella On Instagram","enable_border_title":false,"border_color_title":"#232323","color_title":"#232323","mg_bottom_title":15,"fontsize_title":16,"fontsize_title_mb":16,"instagram_des":"Phasellus lorem malesuada ligula pulvinar commodo maecenas","color_des":"#3c3c3c","fontsize_des":16,"margin_bottom_des":35,"content_width":375,"title_align":"center","view_all":"","view_all_fs":12,"view_all_align":"center","font_weight_view_all":"400","mg_bottom_view":30,"enable_border_view_all":true,"link_view_all":"","color_view_all":"#3c3c3c","display_instagram_button":true,"instagram_button_text":"View Gallery","type_button_more":"load","instagram_button_link":"","enable_underline_button":false,"color_button":"#ffffff","border_color_button":"#232323","bg_color_button":"#232323","bg_color_gradient_button":"","color_button_hover":"#232323","border_color_button_hover":"#232323","bg_color_button_hover":"#ffffff","bg_color_gradient_button_hover":"","maxwidth_button":230,"mg_top_button":30,"embed_code":"<script src=\"https:\/\/static.elfsight.com\/platform\/platform.js\" async><\/script>\n<div class=\"elfsight-app-5aa9ccdc-2d54-48a2-a9e4-74ed182f88f1\" data-elfsight-app-lazy><\/div>","type_instagram_by_gallery":"link","images_per_row":"5","instagram_item_limit":5,"grid_gap":5,"enable_hide_portion":false,"slide_ins":"default_ins","display_arrow":true,"enable_hover_arrow":false,"display_dots":false,"icon_for_image":"","icon_style":"style_1","effects_bg":"","effects_opacity":0,"mg_top_desktop":50,"mg_top_tablet":50,"mg_top_mobile":50,"mg_bottom_desktop":50,"mg_bottom_tablet":50,"mg_bottom_mobile":50}},"tiktok_embedder_7KEYLE":{"type":"tiktok-embedder","blocks":{"tiktok_video_VELqpW":{"type":"tiktok_video","settings":{"tiktok_video_embede_code":"<video style=\"border-radius: 10px\" height=\"500\" controls poster=\"https:\/\/cdn.shopify.com\/s\/files\/1\/1094\/9932\/files\/Thumbnail_14.png?v=1731071070\">\n  <source src=\"https:\/\/cdn.shopify.com\/videos\/c\/o\/v\/76b807cee599415f8567a197531fe095.mp4\" type=\"video\/mp4\">\n  <source src=\"movie.ogg\" type=\"video\/ogg\">\nYour browser does not support the video tag.\n<\/source><\/source><\/video>"}},"tiktok_video_xGVtcJ":{"type":"tiktok_video","settings":{"tiktok_video_embede_code":"<video style=\"border-radius: 10px\" height=\"500\" controls poster=\"https:\/\/cdn.shopify.com\/s\/files\/1\/1094\/9932\/files\/Blogger_Thumbnail.jpg?v=1731071070\">\n  <source src=\"https:\/\/cdn.shopify.com\/videos\/c\/o\/v\/cb3c60e61aff438da56cd4e8fabeae7b.mp4\" type=\"video\/mp4\">\n  <source src=\"movie.ogg\" type=\"video\/ogg\">\nYour browser does not support the video tag.\n<\/source><\/source><\/video>"}},"tiktok_video_MDBGgG":{"type":"tiktok_video","settings":{"tiktok_video_embede_code":"<video style=\"border-radius: 10px\" height=\"500\" controls poster=\"https:\/\/cdn.shopify.com\/s\/files\/1\/1094\/9932\/files\/Thumbnail_5.png?v=1731071070\">\n  <source src=\"https:\/\/cdn.shopify.com\/videos\/c\/o\/v\/6dbbafde9b774ff68887ddde70add631.mp4\" type=\"video\/mp4\">\n  <source src=\"movie.ogg\" type=\"video\/ogg\">\nYour browser does not support the video tag.\n<\/source><\/source><\/video>"}},"tiktok_video_CQpnEG":{"type":"tiktok_video","settings":{"tiktok_video_embede_code":"<video style=\"border-radius: 10px\" height=\"500\" controls poster=\"https:\/\/cdn.shopify.com\/s\/files\/1\/1094\/9932\/files\/Blogger-Thumbnail_1.png?v=1731071071\">\n  <source src=\"https:\/\/cdn.shopify.com\/videos\/c\/o\/v\/e3c916e77a824a32aaa06f82375e4310.mp4\" type=\"video\/mp4\">\n  <source src=\"movie.ogg\" type=\"video\/ogg\">\nYour browser does not support the video tag.\n<\/source><\/source><\/video>"}},"tiktok_video_nhgyY3":{"type":"tiktok_video","settings":{"tiktok_video_embede_code":"<video style=\"border-radius: 10px\" height=\"500\" controls poster=\"https:\/\/cdn.shopify.com\/s\/files\/1\/1094\/9932\/files\/Caitlin-Mcgill-Blogger-Thumbnail.png?v=1731071070\">\n  <source src=\"https:\/\/cdn.shopify.com\/videos\/c\/o\/v\/fdc0c9cb4b5e4243b1d0be4dc74628c0.mp4\" type=\"video\/mp4\">\n  <source src=\"movie.ogg\" type=\"video\/ogg\">\nYour browser does not support the video tag.\n<\/source><\/source><\/video>"}}},"block_order":["tiktok_video_VELqpW","tiktok_video_xGVtcJ","tiktok_video_MDBGgG","tiktok_video_CQpnEG","tiktok_video_nhgyY3"],"settings":{"container":"container","padding_full_width":0,"section_bg":"#fafafa","section_gradient":"","section_title":"Influencer Spotlight: Feel The DUA Love!","section_title_font_size":32,"section_title_font_size_mb":18,"section_title_font_weight":"600","section_title_color":"#191919","section_title_margin_top":0,"section_title_font_style":"italic","section_title_enable_underline":true,"section_title_underline_style":"2","section_title_underline_color":"","section_description":"Watch as influencers share their favorite Dua fragrances and bring our scents to life in their own style.","section_description_font_size":16,"section_description_font_size_mb":14,"section_description_font_weight":"500","section_description_color":"#191919","section_description_margin_top":25,"section_description_max_width":470,"button_type":"button","button_link":"","button_text":"","button_font_size":16,"button_width":190,"button_margin_top":20,"button_text_color":"#ffffff","button_border_color":"#232323","button_background_color":"#232323","button_gradient_color":"","button_text_color_hover":"#ffffff","button_border_color_hover":"#232323","button_background_color_hover":"#232323","button_gradient_color_hover":"","button_text_transform":"capitalize","button_font_weight":"600","link_text":"","link_image_width":100,"link_to_instagram":"","link_text_font_size":16,"link_text_font_size_mb":14,"link_text_font_weight":"500","link_text_font_style":"italic","link_margin_top":50,"link_text_color":"#191919","link_text_color_hover":"#191919","text_align":"center","column_per_row":"5","videos_margin_top":35,"swipe_on_mobile":"scroll","arrow_color":"#333333","arrow_bg_color":"","arrow_border_color":"#333333","arrow_button_size":35,"number_color":"#333333","number_font_size":16,"mg_top_desktop":50,"mg_top_tablet":50,"mg_top_mobile":50,"mg_bottom_desktop":50,"mg_bottom_tablet":50,"mg_bottom_mobile":50}},"product-recently-viewed":{"type":"product-recently-viewed","settings":{"display_product_recently_viewed":true,"product_recently_viewed_container":"container","padding_full_width":0,"enable_border_top":true,"enable_border_bottom":false,"color_border_bottom":"#e8e8e8","border_style":"container","mg_top_desktop":80,"mg_top_tablet":50,"mg_top_mobile":30,"mg_bottom_desktop":0,"mg_bottom_tablet":0,"mg_bottom_mobile":0,"product_recently_viewed_layout":"slider","product_bg":"#ffffff","product_bg_gradient":"","style_block_header":"style1","product_recently_viewed_title":"Recently Viewed Products","enable_border_title":false,"mg_top_title":27,"mg_bottom_title":3,"fontsize_title":18,"fontsize_title_mb":18,"border_color_title":"#232323","color_title":"#232323","product_recently_viewed_title_align":"center","product_recently_viewed_limit":10,"product_recently_viewed_image_ratio":"adapt","grid_gap":30,"product_recently_viewed_per_row":"4","product_recently_viewed_swipe_on_mobile":true,"product_recently_viewed_dots":false,"product_recently_viewed_dots_mb":true,"product_recently_viewed_arrows":true,"product_recently_viewed_arrows_mb":false,"product_recently_viewed_show":"4","product_block_per_view":"4","show_half":true,"scroll_height":4,"scroll_track_bg":"#f1f1f1","scroll_thumb_color":"#000000","scroll_thumb_hover_color":"#444444","enable_hover_drag_icon":false,"enable_layout_special":false,"bg_card":"#ffffff","padding_card":15,"border_radius_card":5,"border_layout_card":"full","border_width_card":5,"border_color_card":"#f0f1f4"}},"lookbook_with_collection_7EetXy":{"type":"lookbook-with-collection","blocks":{"lookbook_image_tBhy8U":{"type":"lookbook_image","settings":{"lookbook_image":"shopify:\/\/shop_images\/Dua_Original-02.png","lookbook_image_action":"link","lookbook_image_link":"shopify:\/\/collections\/original-blend","product_1":"","horizontal_pos_1":0,"vertical_pos_1":0,"lookbook_pos_1":"right","product_2":"","horizontal_pos_2":0,"vertical_pos_2":0,"lookbook_pos_2":"right","product_3":"","horizontal_pos_3":0,"vertical_pos_3":0,"lookbook_pos_3":"right","product_4":"","horizontal_pos_4":0,"vertical_pos_4":0,"lookbook_pos_4":"right","link_text":"","link":"","link_underline":true,"link_color":"#3c3c3c","link_color_hover":"#2a6876","link_margin_top":18,"link_fs":16,"link_fs_mb":12,"text_align":"left","link_width":335}},"lookbook_image_VTUrrX":{"type":"lookbook_image","settings":{"lookbook_image":"shopify:\/\/shop_images\/Dua_Original-07.png","lookbook_image_action":"link","lookbook_image_link":"shopify:\/\/collections\/inspired-expression","product_1":"","horizontal_pos_1":0,"vertical_pos_1":0,"lookbook_pos_1":"right","product_2":"","horizontal_pos_2":0,"vertical_pos_2":0,"lookbook_pos_2":"right","product_3":"","horizontal_pos_3":0,"vertical_pos_3":0,"lookbook_pos_3":"right","product_4":"","horizontal_pos_4":0,"vertical_pos_4":0,"lookbook_pos_4":"right","link_text":"","link":"","link_underline":true,"link_color":"#3c3c3c","link_color_hover":"#2a6876","link_margin_top":18,"link_fs":16,"link_fs_mb":12,"text_align":"left","link_width":335}},"lookbook_image_CH3d89":{"type":"lookbook_image","settings":{"lookbook_image":"shopify:\/\/shop_images\/Dua_Original-04_6c8dcf31-5fd4-4c32-9cf7-f7a01ae50330.png","lookbook_image_action":"link","lookbook_image_link":"shopify:\/\/collections\/inspired-hybrid","product_1":"","horizontal_pos_1":0,"vertical_pos_1":0,"lookbook_pos_1":"right","product_2":"","horizontal_pos_2":0,"vertical_pos_2":0,"lookbook_pos_2":"right","product_3":"","horizontal_pos_3":0,"vertical_pos_3":0,"lookbook_pos_3":"right","product_4":"","horizontal_pos_4":0,"vertical_pos_4":0,"lookbook_pos_4":"right","link_text":"","link":"","link_underline":true,"link_color":"#3c3c3c","link_color_hover":"#2a6876","link_margin_top":18,"link_fs":16,"link_fs_mb":12,"text_align":"left","link_width":335}},"lookbook_image_JqL6WQ":{"type":"lookbook_image","settings":{"lookbook_image":"shopify:\/\/shop_images\/Dua_Original-06_c5c9e8a6-8f8d-438e-8758-47b1da01e015.png","lookbook_image_action":"link","lookbook_image_link":"shopify:\/\/collections\/designer-line","product_1":"","horizontal_pos_1":0,"vertical_pos_1":0,"lookbook_pos_1":"right","product_2":"","horizontal_pos_2":0,"vertical_pos_2":0,"lookbook_pos_2":"right","product_3":"","horizontal_pos_3":0,"vertical_pos_3":0,"lookbook_pos_3":"right","product_4":"","horizontal_pos_4":0,"vertical_pos_4":0,"lookbook_pos_4":"right","link_text":"","link":"","link_underline":true,"link_color":"#3c3c3c","link_color_hover":"#2a6876","link_margin_top":18,"link_fs":16,"link_fs_mb":12,"text_align":"left","link_width":335}}},"block_order":["lookbook_image_tBhy8U","lookbook_image_VTUrrX","lookbook_image_CH3d89","lookbook_image_JqL6WQ"],"settings":{"container":"1770","padding_full_width":60,"section_bg":"#ffffff","section_gradient":"","title":"Shop by Category","color_title":"#232323","mg_bottom_title":25,"fontsize_title":30,"fontsize_title_mb":24,"des":"","color_des":"#3c3c3c","margin_bottom_des":35,"fontsize_des":16,"fontsize_des_mb":12,"title_align":"center","content_width":700,"view_more":"","view_all_link":"","view_all_color":"#2a6876","view_all_enable_border":true,"view_all_font_size":16,"view_all_font_weight":"400","view_all_pos":"right","view_more_mg_top":24,"image_behavior":"none","lookbook_style":"1","enable_lookbook_width":true,"lookbook_width":270,"dot_desktop_size":24,"dot_mobile_size":18,"dot_shadow_color":"#ffffff","dot_outer_color":"#ffffff","show_dot_number":true,"show_dot_number_mobile":false,"dot_inner_color":"#000000","number_desktop_size":12,"number_mobile_size":11,"lookbook_truncate":"1","show_text":"Show Products","hide_text":"Hide Products","show_btn_bg_color":"","show_btn_gradient":"rgba(0,0,0,0.5)","show_btn_text_color":"#ffffff","show_btn_height":30,"show_btn_width":135,"scroll_height":5,"scroll_track_bg":"#f1f1f1","scroll_thumb_color":"#000000","scroll_thumb_hover_color":"#444444","link_text":"","link":"","link_underline":true,"link_color":"#3c3c3c","link_color_hover":"#2a6876","link_margin_top":18,"link_fs":16,"link_fs_mb":12,"text_align":"left","link_width":335,"mg_top_desktop":30,"mg_top_tablet":25,"mg_top_mobile":20,"mg_bottom_desktop":75,"mg_bottom_tablet":60,"mg_bottom_mobile":45}},"custom_text_block_EVFgfw":{"type":"custom-text-block","settings":{"container":"container","padding_full_width":0,"brand_bg":"#ffffff","brand_bg_gradient":"","brand_title":"Best Selling Inspirations","color_title":"#232323","fontsize_title":24,"fontsize_title_mb":16,"brand_des":"","color_des":"#3c3c3c","fontsize_des":16,"title_align":"center","menu":"best-seller","grid_gap":5,"padding_vertical":5,"padding_hozi":5,"border_radius":5,"fontsize_tab":16,"color_tab":"#232323","border_color":"#f9ede1","bg_color_tab":"#f9ede1","bg_color_gradient_tab":"","color_active":"#232323","border_color_active":"#f9ede1","bg_color_active":"#f9ede1","bg_color_gradient_active":"","mg_top_desktop":50,"mg_top_tablet":50,"mg_top_mobile":50,"mg_bottom_desktop":50,"mg_bottom_tablet":50,"mg_bottom_mobile":50}}},"order":["main","brand_slider_2_VmVbBN","marquee_fqQ9hp","rich_text_qj9EKQ","1728746006772c2781","product-recommendations","image_banner_Jc4BDG","instagram_q9WGKJ","tiktok_embedder_7KEYLE","product-recently-viewed","lookbook_with_collection_7EetXy","custom_text_block_EVFgfw"]}